img_id,p_id,img_file,sort,create_date
218773,218773,218773.jpg,1,
215503,215503,215503.jpg,1,
215502,215502,215502.jpg,1,
203174,203174,203174.jpg,1,
196569,196569,196569.jpg,1,
192596,192596,192596.jpg,1,
192595,192595,192595.jpg,1,
185328,185328,185328.jpg,1,
183043,183043,183043.jpg,1,
181896,181896,181896.jpg,1,
181895,181895,181895.jpg,1,
181894,181894,181894.jpg,1,
178933,178933,178933.jpg,1,
175815,175815,175815.jpg,1,
175814,175814,175814.jpg,1,
172473,172473,172473.jpg,1,
168522,168522,168522.jpg,1,
168521,168521,168521.jpg,1,
161865,161865,161865.jpg,1,
158809,158809,158809.jpg,1,
156030,156030,156030.jpg,1,
142772,142772,142772.jpg,1,
111064,111064,111064.jpg,1,
100979,100979,100979.jpg,1,
