p_id,p_id,img_file,sort,create_date
1,1,hai/101750.jpg,,
2,2,hai/10391.jpg,,
3,3,hai/10392.jpg,,
4,4,hai/10393.jpg,,
5,5,hai/10394.jpg,,
6,6,hai/10395.jpg,,
7,7,hai/10396.jpg,,
8,8,hai/10397.jpg,,
9,9,hai/10398.jpg,,
10,10,hai/10399.jpg,,
11,11,hai/10400.jpg,,
12,12,hai/10401.jpg,,
13,13,hai/10402.jpg,,
14,14,hai/10403.jpg,,
15,15,hai/10404.jpg,,
16,16,hai/10405.jpg,,
17,17,hai/10406.jpg,,
18,18,hai/10407.jpg,,
19,19,hai/10408.jpg,,
20,20,hai/10409.jpg,,
21,21,hai/10410.jpg,,
22,22,hai/10411.jpg,,
23,23,hai/10412.jpg,,
24,24,hai/105689.jpg,,
25,25,hai/108899.jpg,,
26,26,hai/112933.jpg,,
27,27,hai/14244.jpg,,
28,28,hai/16094.jpg,,
29,29,hai/16095.jpg,,
30,30,hai/19781.jpg,,
31,31,hai/38170.jpg,,
32,32,hai/39243.jpg,,
33,33,hai/41562.jpg,,
34,34,hai/55752.jpg,,
35,35,hai/55753.jpg,,
36,36,hai/55754.jpg,,
37,37,hai/55755.jpg,,
38,38,hai/58213.jpg,,
39,39,hai/61846.jpg,,
40,40,hai/68262.jpg,,
41,41,hai/75365.jpg,,
42,42,hai/79468.jpg,,
43,43,hai/87913.jpg,,
44,44,hai/89660.jpg,,
45,45,hai/94721.jpg,,
46,46,furi\120580.jpg,,
47,47,furi\125760.jpg,,
48,48,furi\127512.jpg,,
49,49,furi\133182.jpg,,
50,50,furi\137891.jpg,,
51,51,furi\143704.jpg,,
52,52,furi\150824.jpg,,
53,53,furi\160553.jpg,,
54,54,furi\160554.jpg,,
55,55,furi\177930.jpg,,
56,56,furi\192636.jpg,,
57,57,kai\119600.jpg,,
58,58,kai\124225.jpg,,
59,59,kai\128425.jpg,,
60,60,kai\131753.jpg,,
61,61,kai\136597.jpg,,
62,62,kai\143352.jpg,,
63,63,kai\148353.jpg,,
64,64,kai\158420.jpg,,
65,65,kai\176624.jpg,,
66,66,kai\186494.jpg,,
67,67,kai\216547.jpg,,
68,68,lion\100016.jpg,,
69,69,lion\100017.jpg,,
70,70,lion\100018.jpg,,
71,71,lion\100019.jpg,,
72,72,lion\100020.jpg,,
73,73,lion\100021.jpg,,
74,74,lion\100022.jpg,,
75,75,lion\100023.jpg,,
76,76,lion\100024.jpg,,
77,77,lion\100025.jpg,,
78,78,lion\100026.jpg,,
79,79,lion\100027.jpg,,
80,80,lion\100028.jpg,,
81,81,lion\100029.jpg,,
82,82,lion\133745.jpg,,
83,83,lion\149318.jpg,,
84,84,lion\209961.jpg,,
85,85,mao\104533.jpg,,
86,86,mao\118840.jpg,,
87,87,mao\131895.jpg,,
88,88,mao\137685.jpg,,
89,89,mao\145980.jpg,,
90,90,mao\151231.jpg,,
91,91,mao\155755.jpg,,
92,92,mao\161514.jpg,,
93,93,mao\178572.jpg,,
94,94,mao\185300.jpg,,
95,95,mao\191416.jpg,,
96,96,mao\214628.jpg,,
97,97,mao\65327.jpg,,
98,98,mao\79546.jpg,,
99,99,mao\86485.jpg,,
100,100,mao\94306.jpg,,
101,102,meshi\113331.jpg,,
102,103,meshi\131691.jpg,,
103,104,meshi\143416.jpg,,
104,105,meshi\155172.jpg,,
105,106,meshi\214440.jpg,,
106,107,meshi\214441.jpg,,
107,108,meshi\67998.jpg,,
108,109,meshi\67999.jpg,,
109,110,meshi\68000.jpg,,
110,111,meshi\68001.jpg,,
111,112,meshi\68002.jpg,,
112,113,meshi\68003.jpg,,
113,114,meshi\82091.jpg,,
114,115,meshi\93038.jpg,,
115,116,tabi\104314.jpg,,
116,117,tabi\116030.jpg,,
117,118,tabi\119283.jpg,,
118,119,tabi\120035.jpg,,
119,120,tabi\131097.jpg,,
120,121,tabi\136903.jpg,,
121,122,tabi\142206.jpg,,
122,123,tabi\144074.jpg,,
123,124,tabi\161447.jpg,,
124,125,tabi\169414.jpg,,
125,126,tabi\184672.jpg,,
126,127,tabi\214542.jpg,,
127,128,tabi\53866.jpg,,
128,129,tabi\53867.jpg,,
129,130,tabi\53868.jpg,,
130,131,tabi\53869.jpg,,
131,132,tabi\61765.jpg,,
132,133,tabi\66815.jpg,,
133,134,tabi\84590.jpg,,
134,135,tabi\93557.jpg,,
135,136,tabi\98803.jpg,,
136,137,oshi\119992.jpg,,
137,138,oshi\119993.jpg,,
138,139,oshi\123152.jpg,,
139,140,oshi\134915.jpg,,
140,141,oshi\139110.jpg,,
141,142,oshi\146352.jpg,,
142,143,oshi\155715.jpg,,
143,144,oshi\160463.jpg,,
144,145,oshi\169413.jpg,,
145,146,oshi\177118.jpg,,
146,147,oshi\185085.jpg,,
147,148,oshi\193297.jpg,,
148,149,oshi\215536.jpg,,
214970,214970,214970.jpg,,
194531,194531,194531.jpg,,
181925,181925,181925.jpg,,
181152,181152,181152.jpg,,
170608,170608,170608.jpg,,
165575,165575,165575.jpg,,
159567,159567,159567.jpg,,
157236,157236,157236.jpg,,
151491,151491,151491.jpg,,
151490,151490,151490.jpg,,
144060,144060,144060.jpg,,
139646,139646,139646.jpg,,
131714,131714,131714.jpg,,
118430,118430,118430.jpg,,
214970,214970,214970.jpg,,
194531,194531,194531.jpg,,
181925,181925,181925.jpg,,
181152,181152,181152.jpg,,
170608,170608,170608.jpg,,
165575,165575,165575.jpg,,
159567,159567,159567.jpg,,
157236,157236,157236.jpg,,
151491,151491,151491.jpg,,
151490,151490,151490.jpg,,
144060,144060,144060.jpg,,
139646,139646,139646.jpg,,
131714,131714,131714.jpg,,
118430,118430,118430.jpg,,
50711,50711,50711.jpg,,
46196,46196,46196.jpg,,
44180,44180,44180.jpg,,
44179,44179,44179.jpg,,
44178,44178,44178.jpg,,
44072,44072,44072.jpg,,
44071,44071,44071.jpg,,
44070,44070,44070.jpg,,